Year,Alum Band ID,Frequency,Nest Attempt,Bird Capture Site,NestID,FlagLat,FlagLong,FlagBear,NestLat,NestLong,Nest Description,Clutch Size,Date Counted,FloatA,FloatB,FloatC,FloatD,FloatAverage,Est.Laying.Initiation,EstimatedHatch,Fate,Comments
2018,10372,149.683,1,Barstow Road,10372-2018-1,43.762318,-70.499474,50,43.762493,-70.499563,"In Gas Line ROW, under 3' fir sapling",NA,NA,NA,NA,NA,NA,NA,4/17/2018,5/24/2018,1,Eggs gone from nest bowl on 5.14
2018,372,149.483,1,Rust Farm,372-2018-1,43.700157,-70.467105,105,43.70018,-70.46719,"On small hillside facing SE in Raspberrry,shrubs and other brambles. In patch of woods 20 yds. wide between two hay fields.",15,5/31/2018,NA,NA,NA,NA,NA,4/22/2018,5/29/2018,0,"3 eggs unhatched in nest bowl after hatching. Floated each (6-8, 16, 23). "
2018,362,149.693,1,Bradbury,362-2018-1,45.07226,-68.34008,230,45.07216,-68.34037,Off two track in forested area. on edge of forest on raised stump between trees,14,5/21/2018,16,16,16,,16,4/21/2018,5/30/2018,0,
2018,355,149.28,1,Bradbury,355-2018-1,,,,45.048127,-68.352031,"No noticeable nest bowl, in forest",NA,NA,NA,NA,NA,NA,NA,4/18/2018,5/30/2018,1,
2018,258,149.385,1,Bradford,258-2018-1,,,,45.100635,-68.928312,Nest Bowl found in shurb on marshy area.,NA,NA,NA,NA,NA,NA,NA,4/24/2018,5/31/2018,1,
2018,280,149.14,1,Sanborn,280-2018-1,,,,45.005116,-69.074898,"No nestbowl found, in forest off of ag field",NA,NA,NA,NA,NA,NA,NA,4/23/2018,6/1/2018,1,
2018,361,149.42,1,Bradbury,361-2018-1,,,,45.0006,-68.3846,"Along ATV road, on forest edge not well conealed in clear cut",NA,NA,NA,NA,NA,NA,NA,4/24/2018,6/2/2018,1,"Bird predated off nest, nest also predated"
2018,354,149.35,1,Bradbury,354-2018-1,,,,45.08805,-68.42424,Under large fallen tree,NA,NA,NA,NA,NA,NA,NA,4/27/2018,6/3/2018,1,6 predated eggs found when doing cover boards next to R2 near nest
2018,10369,149.802,1,Rust Farm,10369-2018-1,43.76347,-70.47137,80,43.7635,-70.47109,In bramble patch (rasperry) adjacent to old stumps from cutting of small clearing (@2 acres.,NA,NA,NA,NA,NA,NA,NA,4/27/2018,6/3/2018,1,"Hen Killed, Small mammal den found 15 feed from nest"
2018,281,149.333,1,Sanborn,281-2018-1,44.9733,-69.15107,25,44.97355,-69.15102,"On edge of field before treeline in dead leaves, behind a rock",11,5/24/2018,16,16,16,,16,4/27/2018,6/4/2018,0,
2018,286,149.315,1,Horseback,286-2018-1,,,,44.951747,-68.38486,In saprse cover among beech stand,NA,NA,NA,NA,NA,NA,NA,4/25/2018,6/5/2018,1,Nest found while doing coverboards. 6 egg shells found.
2018,10371,149.604,1,Barstow Road,10371-2018-1,43.75425,-70.46287,7,43.754393,-70.462904,"in low brush pile (one foot high), wide open to sky.",12,5/14/2018,0-3,0-3,0-3,,0-3,5/2/2018,6/8/2018,0,"Nest in brush pile, wide open. Stumbled onto hen as she flushed."
2018,251,149.455,1,Madden,251-2018-1,,,,45.096587,-68.411068,Located in long landing under a few shrubs out in the open,NA,NA,NA,NA,NA,NA,NA,5/3/2018,6/9/2018,1,
2018,365,149.794,1,Rust Farm,365-2018-1,43.71113,-70.47948,220,43.71097,-70.47958,"Inside a patch of Juniper, within a large Powerline ROW",15,5/22/2018,6-8,6-8,6-8,6-8,7,4/30/2018,6/9/2018,1,"Hen Killed, 13 eggs in tack and collected"
2018,352,149.645,1,Mosher Corner,352-2018-1,43.70163,-70.40046,325,43.70166,-70.40046,"set inside a small wood patch (30 yds squared) at the junction of 2 skidder trails, next to turkey sized rock under an 8' fir tree.",12,5/22/2018,3,3,6-8,,6,5/4/2018,6/10/2018,1,"Eggs, depradatedSome egg shells in nest bowl with distinct small holes in each with contents gone"
2018,359,149.292,1,Bradbury,359-2018-1,45.0782,-68.42072,89,45.07271,-68.41931,"Clear Cut, nest located near center. Nest among some early successional trees and shrubs",13,5/23/2018,6-8,8-11,8-11,,9,5/1/2018,6/10/2018,1,"nest bowl empty, no eggs/fragments found. Bird observed alone on road large distance from nest site."
2018,NA,NA,NA,NA,Bradley1-2018,,,,44.8797,-68.6124,Nest under downed eastern white pine limb in clear cut.,10,5/22/2018,8-11,6-8,6-8,,8,5/14/2018,6/10/2018,1,Frequently flushed
2018,NA,NA,NA,NA,GorhamIncidental01-2018,,,,43.711,-70.47955,"Inside a patch of Juniper, within a large Powerline ROW",15,5/22/2018,6-8,6-8,6-8,,7,5/15/2018,6/10/2018,1,"Eggs depradated, 10 feet from 365-2018-1"
2018,10353,149.673,1,Sanborn,10353-2018-1,45.06557,-68.96043,3,45.06587,-68.96054,Against base of tree w/ tree stand on it,13,5/24/2018,6-8,6-8,8-11,,8,5/3/2018,6/12/2018,0,
2018,258,149.385,2,Bradford,258-2018-2,,,,45.10105,-68.94836,Among shrubs on edge between forest and hay field,NA,NA,NA,NA,NA,NA,NA,5/7/2018,6/13/2018,1,"Nest bowl found, empty"
2018,NA,NA,NA,NA,Bradley2-2018,,,,44.87967,-68.61203,In the open among clear cut,5,5/22/2018,3,3,3,,3,5/19/2018,6/15/2018,1,"Frequently flushed, off nest after attempted capture"
2018,356,149.733,1,Bradbury,356-2018-1,45.07001,-68.45385,344,45.0703,-68.4541,"Along 2 track, behind some fallen trees, among some smaller trees",9,6/1/2018,8-11,8-11,16,16,12,5/11/2018,6/16/2018,0,"Discovered shells with membrane in tact. After suspected hatch, bird flushed from nearby field. She was sitting still in grass and acting as if with brood."
2018,280,149.14,2,Sanborn,280-2018-2,,,,45.00605,-69.06463,,NA,NA,NA,NA,NA,NA,NA,5/13/2018,6/21/2018,1,
2018,10376,149.035,1,Maple Lane,10376-2018-1,,,,45.08704,-69.05802,In middle of mowed hay field,NA,NA,NA,NA,NA,NA,NA,5/19/2018,6/27/2018,1,nest failed due to field being mowed
2018,10372,149.683,2,Barstow Road,10372-2018-2,43.77016,-70.48646,90,43.77032,-70.48657,Likely in dense lumba/bramble patch in 20x20 area,NA,NA,NA,NA,NA,NA,NA,5/22/2018,6/28/2018,NA,"Unsure if hatched, but bird observed in field exhibiting behavior suggesting poults with her. "
2018,10383,149.092,1,Maple Lane,10383-2018-1,45.0959,-68.94691,171,45.09581,-68.94682,~20' inside fence from first post down hill from gate,7,6/11/2018,3,6-8,6-8,6-8,6,5/29/2018,7/2/2018,1,Trampled. Cows got into pasture and trampled nest.
2018,275,149.494,2,Sanborn,275-2018-2,44.99594,-69.10699,343,44.99613,-69.1071,Nest is ~3' inside a small standing snag from field,7,6/29/2018,6-8,6-8,6-8,,7,6/15/2018,7/19/2018,0,
2018,286,149.315,2,Horesback,286-2018-2,,,,44.936737,-68.390724,Small clump of trees in blueberry field next to gravel road.,NA,NA,NA,NA,NA,NA,NA,6/16/2018,7/24/2018,0,
2018,280,149.141,3,Exeter,280-2018-3,,,,45.00198,-69.06388,,NA,NA,NA,NA,NA,NA,NA,6/23/2018,7/29/2018,0,
2019,445,150.513,1,Davis Oil,445-2019-1,44.84337,-68.74265,29,44.84362,-68.74277,In clump iof grass off of stillwater rd. between walmart and target,13,5/23/2019,16,16,16,,16,4/24/2019,6/3/2019,0,"All eggs hatched, hen nearby"
2019,381,149.383,1,Gray Fire Department,381-2019-1,43.88103,-70.349691,350,43.8815,-70.34989,In hammock (size of nest) in patch of cattails at the end of a field. 50 yards from busy route 26,13,5/16/2019,4-6,7-9,4-6,7-9,7,4/27/2019,6/5/2019,0,No uinhatched eggs left. Shells of hatched eggs but not all accoutned for. at least 6 hatched shells
2019,372,149.483,1,Rust Farm,372-2019-1,43.70875,-70.483068,56,43.76889,-70.482856,"In right of way (powerline). Nest in patch of tall, hollow stemmed veg. no overhead cover",9,5/15/2019,4-6,4-6,4-6,7-9,6,5/1/2019,6/5/2019,1,"Eggs gone from nest, on second visit (5-24-19). did not check day after flushing"
2019,444,149.127,1,Davis Oil,444-2019-1,,,,44.845785,-68.748277,,NA,NA,NA,NA,NA,NA,NA,4/29/2019,6/5/2019,1,
2019,752,149.364,1,Davis Oil,752-2019-1,44.84675,-68.74849,207,44.84609,-68.749,Under flattened tall grass,14,5/23/2019,16,8-11,8-11,,12,4/27/2019,6/7/2019,0,7 hatched eggs in bowl
2019,450,150.413,1,Davis Oil,450-2019-1,45.02973,-68.61906,120,45.02968,-68.6185,On a mound covered by a fir branch,12,5/17/2019,4-8,4-8,4-8,4-8,6,5/1/2019,6/7/2019,1,"Nest predated, evidence of a large struggle, hen still alive"
2019,754,149.803,1,Davis Oil,754-2019-1,44.84625,-68.75013,350,44.84661,-68.75032,Under clump of tall grass. Saw hen about 10m from tanks,13,5/23/2019,8-11,16,6-8,,11,4/29/2019,6/8/2019,0,"2 unhatched eggs, hen dead in field nearby, killed off nest?"
2019,911,150.782,1,Monroe (Cunningham),911-2019-1,44.577664,-68.997677,45,44.577713,-68.997581,"nest bowl on small 2' rise of a mound. sorrounded by briad, leafy shrub. in middle of powerline right of way",15,5/23/2019,10-12,10-12,10-12,10-12,11,4/28/2019,6/8/2019,1,eggs predated
2019,925,150.572,1,Monroe (Cunningham),925-2019-1,44.578459,-68.977612,290,44.578595,-68.97788,in patch of juniper w/ little overhead direct cover. on hill side in mixed hardwood forest,16,6/5/2019,19-21,22-24,22-24,22-24,22,4/29/2019,6/10/2019,0,hen killed at nest site. not all eggs accoutned for. at least 7 hatched
2019,426,149.057,1,Emera,426-2019-1,,,,44.779014,-68.795223,,NA,NA,NA,NA,NA,NA,NA,5/6/2019,6/10/2019,1,
2019,904,150.602,1,Hampden,904-2019-1,,,,44.7444995,-68.890494,swamp bank in low alder overhang,8,5/23/2019,NA,NA,NA,NA,NA,5/13/2019,6/10/2019,1,Flushed bird off predated eggs
2019,265,149.152,1,Bradford,265-2019-1,45.08162,-68.91406,331,45.08152,-68.91438,Nest is in a pile of branches/twigs below a clump of speckled alders,11,5/30/2019,16,16,8-11,16,15,5/4/2019,6/11/2019,0,"nest hatched 6-13-19, 10 of 11 eggs hatched"
2019,424,150.473,1,Emera,424-2019-1,44.777,-68.80073,90,44.77708,-68.80052,"Nest bowl found against tree, no eggs",NA,NA,NA,NA,NA,NA,NA,5/5/2019,6/11/2019,1,
2019,836,149.783,1,Day,836-2019-1,44.97182,-69.1035,143,44.97156,-69.10329,Nest is in the middle of a huge cedar swamp and near impossible to find,11,5/28/2019,9-11,16,16,9-11,13,5/4/2019,6/11/2019,1,Female died at some point. not sure of dat she was fiving mortality singal since she nested and died close to nest
2019,447,149.062,1,Davis Oil,447-2019-1,,,,44.82685,-68.72092,,11,NA,NA,NA,NA,NA,NA,5/4/2019,6/12/2019,1,nest bowl had 11 warm eggs in it. 1 taken for steph
2019,833,149.112,1,Day,833-2019-1,,,,44.999281,-69.100394,,NA,NA,NA,NA,NA,NA,NA,5/3/2019,6/12/2019,1,
2019,395,149.183,1,Roger's Farm,395-2019-1,44.98793,-68.76515,14,44.98927,-68.7664,"In open thicket, tucked under a fallen log",11,5/7/2019,NA,NA,NA,NA,NA,5/5/2019,6/13/2019,0,"Hatch date estimated as 28 days before hatch plus 11 days for clutch size, Hen nearby, all eggs hatched. Float never done, therefore incubation date and estimated hatch date unknown"
2019,392,149.704,1,Roger's Farm,392-2019-1,44.96873,-68.72213,4,44.97047,-68.7225,Near a small group of youmg trees in grass swamp,13,5/28/2019,9-11,9-11,9-11,9-11,10,5/5/2019,6/14/2019,1,"Nest predated, no egg remains found in nest"
2019,411,149.333,1,Brad St,411-2019-1,44.80463,-69.28328,346,44.80917,-69.27972,~4' in front of big log,13,6/4/2019,16,16,16,16,16,5/6/2019,6/15/2019,1,Abandoned after flushing
2019,423,149.604,1,Euguly,423-2019-1,45.06084,-68.53739,92,45.06104,-68.53616,Under a small fir in dense fir undergrowth,15,5/22/2019,3,3,3,3,3,5/4/2019,6/15/2019,1,Nest abandoned
2019,375,149.106,1,Perry,375-2019-1,,,,44.776608,-68.813514,,NA,NA,NA,NA,NA,NA,NA,5/6/2019,6/16/2019,1,
2019,1006,149.453,1,Poland (Fernald),1006-2019-1,44.059049,-70.299078,220,44.058624,-70.298926,"in 15"" tall patch of ferns. 20 feet from gravel pit. in an old road strip with aldas spread thin",11,6/19/2019,NA,NA,NA,NA,NA,5/11/2019,6/17/2019,0,did not float eggs. hen sat very tight each time i considered it. would have had to push hen off. decided against it. egg shells relaticely fresh (est 2 days since hatch on 6-19 visit)
2019,409,149.084,1,Brad St,409-2019-1,,,,44.818393,-69.298899,,NA,NA,NA,NA,NA,NA,NA,5/11/2019,6/18/2019,1,
2019,1008,149.312,1,Poland (Fernald),1008-2019-1,44.070556,-70.307988,230,44.07014,-70.30852,at base of 8' pine sapling. in hummock 1.5 feet up from stranding water. in patch of early successional surrounded by fields.,12,5/24/2019,1-3,1-3,1-3,1-3,2,5/22/2019,6/18/2019,1,"eggs abandoned, all 12 still there. cold w/ debris on top. flushed at 1500. returned at 2100 and hen gone from nest."
2019,410,149.119,1,Brad St,410-2019-1,,,,44.826779,-69.287252,,NA,NA,NA,NA,NA,NA,NA,5/13/2019,6/19/2019,0,
2019,401,149.293,1,Sewall,401-2019-1,44.8953,-68.7289,283,44.89585,-68.73558,"In timber cut area, under brush next to tree.",10,5/23/2019,0,0,0,,0,5/13/2019,6/19/2019,1,
2019,396,149.324,1,Roger's Farm,396-2019-1,44.92316,-68.68804,262,44.92313,-68.68808,On a mound underneath a brush pile,8,6/3/2019,9-11,9-11,9-11,9-11,10,5/16/2019,6/20/2019,1,"Nest predated, all eggs lost"
2019,420,149.133,1,Euguly,420-2019-1,,,,45.018374,-68.531074,,NA,NA,NA,NA,NA,NA,NA,5/14/2019,6/24/2019,1,
2019,283,149.612,1,Bradford,283-2019-1,45.25185,-69.06832,192,45.25148,-69.06824,Nest is under some folded down pine branches of a fallen tree beyond a clump of 3 cedar,12,6/7/2019,9-11,16,16,16,14,5/21/2019,6/29/2019,1,"was unable to check nest until 4 days post expected hatch. eggshells crushed, no intact shells. 1 partial membrane. attempted to flush hen to check for poults but she was moving quickly, likely no poults."
2019,426,149.055,2,Emera,426-2019-2,,,,44.7788,-68.8229,"nest atop a fill-dirt mound. cover ~1.5 m tall, shrubs and grasses",NA,NA,NA,NA,NA,NA,NA,5/31/2019,7/3/2019,0,9 hatced eggs
2019,373,149.741,1,Rust Farm,373-2019-1,43.704274,-70.491954,300,43.70456,-70.49202,"nest is in a large patch of jewell weed, honey suckle, and briar along small field hedge row. very thick cover. barely a nest bowl",11,6/19/2019,10-12,10-12,10-12,13-15,12,5/28/2019,7/4/2019,0,"8 of 11 hatched/ did not recover 3 unhatched eggs. egg shells dry, hatch at least 2 days before check."
2019,372,149.483,2,Rust Farm,372-2019-2,,,,43.70278,-70.47636,In tall grass 20 feet from the edge of a plowed field. nest bowl made of matted down grass. surrounded by open field on all sides,9,6/19/2019,7-9,7-9,10-12,10-12,10,6/1/2019,7/7/2019,1,"abandoned, all eggs in nest bowl on 6-26-19. hen alive but signal far. collected 1 egg for steph"
2019,10364,149.721,1,Maple Lane,10364-2019-1,45.05319,-68.99518,111,45.05318,-68.99488,Nest is in the thick bushes about equal distances between two large beech saplings making a triangle,13,6/17/2019,3,6-8,6-8,6-8,6,5/29/2019,7/8/2019,0,
2019,275,149.494,2,Sanborn,275-2019-2,44.99047,-69.08978,285,44.99047,-69.09016,In tall grass ~10 feet from old post also in grass 152 degrees,10,6/18/2019,3,4-8,4-8,4-8,6,6/2/2019,7/9/2019,1,nest is suspected 2nd nest. bird was holding tight in one spot until 5-21. not able to locate a nest bowl. bird abandoned after flushed
2019,444,149.125,2,Davis Oil,444-2019-2,,,,44.845487,-68.750283,,NA,NA,NA,NA,NA,NA,NA,6/4/2019,7/10/2019,1,"flushed post nesting, no brood"
2019,1009,149.212,1,Poland (Fernald),1009-2019-1,44.06148,-70.29598,320,44.0615,-70.29601,"Grassy Bowl in Hay Field, 30 meters from mature stand of hemlock/softwoods.",10,6/26/2019,10-12,14-16,10-12,10-12,13,6/5/2019,7/10/2019,1,"Abandoned after flushing.  Checked back 10 hours after flush and hen not on, eggs cold. Collected 1 Egg for Steph"
2019,435,149.058,1,Parker,435-2019-1,,,,45.03571,-68.55969,"Shallow bowl under some ferns, not as well covered as surronding area",NA,NA,NA,NA,NA,NA,NA,6/7/2019,7/12/2019,1,No eggs or remains found. Not clear if predated or if eggs were never laid
2019,911,150.782,2,Monroe (Cunningham),911-2019-2,44.588012,-68.992359,110,44.5879,-68.99223,grassy bowl 8 feet from gravel road in tall grass.  Forest edge is 50 feet from nest.,10,7/9/2019,22-24,22-24,22-24,16-18,22,6/8/2019,7/14/2019,0,10 Hatched eggs.  Hen Alive and relatively close by.
2019,438,149.371,2,Parker,438-2019-2,45.02539,-68.55484,318,45.02613,-68.55643,"Under a maiden hair fern, poorly hidden upon flushing, but well hidden when doing coverboards",9,6/21/2019,0,3,3,0,2,6/10/2019,7/16/2019,1,"Predated, hen off nest on 7/11, so likely happened before then. First nest never found, although likely given the start date of this nest."
2019,423,149.602,2,Euguly,423-2019-2,45.0536,-68.47463,308,45.05088,-68.47694,In a field under very thick rubus,14,6/27/2019,4-8,4-8,4-8,4-8,6,6/7/2019,7/18/2019,1,Fate not yet determined
2020,1522,149.5026,1,Roger's Farm,1522-2020-1,,,,44.933755,-68.703777,"On edge of gasline corridor in clear-cut, vertical cover from balsam fir bough, exposed on east side, nest parasitized? 11 eggs dark and bigger than 9 eggs which were light in color.",20,5/7/2020,6-8,6-8,6-8,6-8,7,4/10/2020,5/18/2020,1,"Abandoned, nest scavenged within 2 days of flush count, parasitized nest with 11 eggs darker shade and large than the other 9 eggs which were small and light shaded"
2020,396,149.323,1,Roger's Farm,396-2020-1,,,,44.902663,-68.698443,"Within hemlock stand, no vertical cover, single hemlock sapling <1m of nest",14,5/2/2020,6-8,4-8,4-8,6-8,6,4/12/2020,5/23/2020,0,"7 hatched eggs out of 14, hen close by but still able to do veg"
2020,844,150.884,1,Bradbury,844-2020-1,,,,45.01347,-68.4622,"Nest in depression under downed, dead balsam sapling; in large, open pine stand ~50m from 2-track",NA,NA,NA,NA,NA,NA,NA,4/10/2020,5/23/2020,1,Hen predated; nest bowl mostly empty except for shell membrane pieces
2020,420,149.132,1,Euguly,420-2020-1,45.01466,-68.50426,263,45.01451,-68.50522,"Against pine tree, very open on floor of needles",13,NA,NA,NA,NA,NA,NA,4/14/2020,5/25/2020,0,"10 egg caps found plus dead poult in nest bowl and unhatched, developed egg"
2020,1617,150.899,1,Bradbury,1617-2020-1,,,,45.013726,-68.390663,In briar patch 5m from dirt road,14,NA,NA,NA,NA,NA,NA,4/14/2020,5/25/2020,1,Hen predated-- previously MIA 
2020,381,149.383,1,Gray Fire Dept.,381-2020-1,,,,43.8914,-70.354879,At the base of a 12 foot high small cluster of stump growth hardwood. The long side small stream on a hillside in pretty open habitat. Mature Pines all around open forest floor.,13,4/29/2020,NA,NA,NA,NA,NA,4/16/2020,5/26/2020,1,I expect I caused abandonment by flushing her accidentally. She was giving off a mortality signal and as I approached she flushed off the nest. Not on nest 8 hours later.
2020,397,149.1696,1,Roger's Farm,397-2020-1,,,,44.934348,-68.701163,"In debris pile on edge of skidder trail within clear-cut, total vertical and horizontal cover by balsam fir boughs and debris.",12,5/7/2020,6-8,6-8,6-8,6-8,8,4/18/2020,5/26/2020,1,Hen predated by fox off nest during flush.
2020,1562,149.574,1,McCallister-Hampden,1562-2020-1,44.7088,-68.867524,90,44.708891,-68.866899,"Nest in recent logging slash of Poplar and Hemlock, 5 feet from field edge",NA,NA,NA,NA,NA,NA,NA,4/12/2020,5/26/2020,1,Nest Depredated.  Hen killed. Transmitter recovered 1/4 mile from nest bowl.
2020,1560,149.5931,1,Davis Oil,1560-2020-1,,,,44.85311,-68.75423,edge of downed dead sapling and CWD on trail edge surrounded by wetland/swamp,12,5/23/2020,23,23,23,16,22,4/19/2020,5/28/2020,1,"abandoned. 1 egg cracked possibly form flush, hen did not return to nest after flush but cracked egg was consumed day after flush."
2020,845,149.802,1,McCallister-Hampden,845-2020-1,44.70854,-68.85308,80,44.708548,-68.852785,Nest in 12X12 patch of Pine Branch blowdowns at the base of a softwood sapling 2 feet high.  small amount of raspberry growth near nest.,14,5/20/2020,16,16,16,23,18,4/19/2020,5/29/2020,0,Hatched 9 of 14 eggs.  4 Unhatched and 1 Unaccounted for.  Hen seen 500 meters from nest site with poults in grass.  Estimated hatch 5/28.
2020,442,150.75,1,Parker,442-2020-1,45.03186,-68.61999,210,45.03006,-68.62341,base of 3' spruce snap in labrador tea (sp?) cover; 10m from overgrown 2-track,10,5/17/2020,16,8-11,8-11,8-11,12,4/25/2020,6/1/2020,0,All eggs hatched
2020,826,150.914,1,Bradbury,826-2020-1,,,,44.977775,-68.265204,"In large slash pile against downed pine branches, ~25m east of 2-track",NA,NA,NA,NA,NA,NA,NA,4/24/2020,6/1/2020,1,Nest Depredated: trail of downy feathers ending in 2 wing feathers away from nest; 3 eggs found with holes punched through the sides
2020,1626,150.905,1,Monson,1626-2020-1,45.44421,-69.45974,107,45.44453,-69.4594,amongst some very young balsam fir in a regenerating clearcut,13,6/5/2020,,,,,,4/22/2020,6/2/2020,0,"10 different eggs found (9 hatched, 1 whole)"
2020,449,149.662,1,Parker,449-2020-1,45.0193,-68.6192,39,45.01976,-68.61751,in small copse of saplings approx 75m from beaver pond; 125m NE of Lindey Ln,14,5/17/2020,8-11,8-11,8-11,8-11,10,4/24/2020,6/4/2020,1,"Hen predated (first mort 6/1, last alive 5/27) and carcass found ~50m from nest; nest bowl empty"
2020,848,149.645,1,McCallister-Hampden,848-2020-1,44.71858,-68.8476,100,44.7184,-68.855128,"Nest in small patch of grapevine tendrils and branches, 2 feet into the woods from a stone wall.",NA,NA,NA,NA,NA,NA,NA,4/27/2020,6/4/2020,1,Nest Depredated.  Egg shell remains in nest bowl.  Signal for hen very distant.
2020,1621,149.813,1,Monson,1621-2020-1,45.50391,-69.46516,296,45.50407,-69.4657,"shallow bowl underneath a downed white birch top and adjacent to a small, recently-cut stump; nest was within a large and recently-harvested clearcut",12,5/26/2020,16,16,16,16,16,4/28/2020,6/6/2020,0,Has been back on nest each time that I checked since the flush
2020,1624,149.622,1,Monson,1624-2020-1,45.43751,-69.49446,343,45.43798,-69.49474,"shallow depression underneath a small (~4-5') balsam fir sapling within a clearcut that was harvested ~7 years ago; bird flew from nest a short distance, and according to signal, didn't venture far; nest opening was on south side of fir tree (where it would gain most sun)",14,5/27/2020,16,16,16,16,16,4/27/2020,6/7/2020,0,has returned to nest on subsequent visits since the flush
2020,411,149.333,1,Brad St,411-2020-1,44.79784,-69.28165,129,44.79764,-69.28132,,10,5/28/2020,15,14,16,15,15,5/3/2020,6/9/2020,1,"adult killed, some eggs eaten remained egs cracked and or cold"
2020,1564,149.822,1,McCallister-Hampden,1564-2020-1,44.71921,-68.85309,360,44.719361,-68.853163,Nest on small hummock of leaves and softwood saplings.  Hummock surrounded by standing water/vernal pools in hardwood dominated bottom land forest,10,5/20/2020,6-8,6-8,6-8,6-8,7,5/4/2020,6/9/2020,1,"Close to nest on 5/21/2020 check but not likely on based on signal direction, off nest on 5/25/2020 and not heard.  10 Cold eggs in nest."
2020,446,149.4726,1,Davis Oil,446-2020-1,,,,44.85737,-68.755068,"Under 4' balsam sapling, leaf litter and small cwd, balsam pole snag within 1m of nest",10,5/15/2020,0,3,0,0,1,5/4/2020,6/10/2020,1,Abandoned due to early disturbance.
2020,1552,149.732,1,Davis Oil,1552-2020-1,,,,45.006793,-68.817578,"In slash pile, good horizontal cover from pine branches/needles, nest bowl in duff layer",13,6/1/2020,16,16,16,16,16,5/3/2020,6/12/2020,0,"PHD accurate. Hatched 12/13 eggs, one egg whole, membranes still wet! Very fresh, hen close to nest and random veg point so waited to conduct veg sampling."
2020,1565,150.772,1,McCallister-Hampden,1565-2020-1,44.720425,-68.874534,276,44.720571,-68.874869,"In Bramble/Briar patch hummock 6 feet from the edge of the water in a beaver flowage.  Nest bowl in patted down, dead grass pocket.",10,5/20/2020,3,3,3,3,3,5/18/2020,6/13/2020,0,Hatch - Found remains of 8 of 10 eggs.  Estimated hatch on 6/9 based on 6/8 attendance and condition of eggs early am on 6/11
2020,1622,150.93,1,Monson,1622-2020-1,,,,45.44447,-69.4442,shallow depression underneath the limbs of a 6' tall red pine on north side of tree in a replanted clearcut,13,NA,NA,NA,NA,NA,NA,5/6/2020,6/15/2020,0,"11 different eggs found (8 hatched, 3 whole)"
2020,1625,150.452,1,Monson,1625-2020-1,45.46722,-69.51987,308,45.46733,-69.52026,shallow depression underneath a fallen balsam fir--nest was about 20' from a propane tank near a seasonal camp,10,6/4/2020,16,16,15,16,15.75,5/9/2020,6/15/2020,0,"left nest doing the broken wing display--never flew, just walked off"
2020,838,149.352,1,Glenburn,838-2020-1,,,,45.17443,-69.07964,,13,5/26/2020,7,7,7,7,7,5/6/2020,6/15/2020,1,Nest depradated featehrs and shells found near nest bowl
2020,1627,149.203,1,Monson,1627-2020-1,45.43919,-69.41578,330,45.43922,-69.41585,shallow depression underneath the limbs of a 5' red pine within a regenerating clearcut,11,6/4/2020,16,16,16,16,16,5/8/2020,6/15/2020,1,
2020,438,149.371,1,Parker,438-2020-1,45.02797,-68.5542,280,45.02812,-68.55753,depression on raised mound encirlced by downed balsam firs,9,6/8/2020,16,16,16,16,16,5/14/2020,6/19/2020,0,"7 egg caps found, two intact eggs 3m from nest were depredated with holes punched in the sides; hen transmitter not located"
2020,842,149.782,1,Bradbury,842-2020-1,45.00609,-68.38357,212,45.00579,-68.38341,in briar patch ~ 10m from dirt road,13,5/28/2020,6-8,3,3,0,3.25,5/12/2020,6/21/2020,0,"7 egg caps found, 1 intact egg (unfertilized when opened); hen w/i 50m"
2020,850,149.152,1,McCallister-Hampden,850-2020-1,44.71648,-68.87791,359,44.71673,-68.878,"Nest at the base of small hardwood sapling (1 inch DBH) adjacent to small spruce sapling, in briar and rasperry patch",10,6/7/2020,10-12,10-12,10-12,10-12,12,5/17/2020,6/22/2020,1,Nest Depredated. Some egg shell remains
2020,1615,149.392,1,Bradbury,1615-2020-1,45.01076,-68.36921,219,45.01012,-68.3693,"in 3' high fir clump, ~ 70m from 2-track",11,5/29/2020,0,3,3,0,1.5,5/17/2020,6/24/2020,0,"8 egg caps found, 3 intact egges (unfertilized when opened)"
2020,1616,150.939,1,Bradbury,1616-2020-1,,,,45.0564888,-68.484625,base of small balsam trunk on beech leaf litter; very open,10,NA,NA,NA,NA,NA,NA,5/18/2020,6/24/2020,1,no shell fragments
2020,1614,149.253,1,Bradbury,1614-2020-1,45.087824,-68.430886,201,45.08764,-68.43105,in bush-hogging lane against large rock and fir sapling; under powerlines; ~3m from gravel road,10,5/29/2020,0,3,3,0,1.5,5/18/2020,6/24/2020,0,missing datasheet
2020,1501,149.203,1,Buckfield,1501-2020-1,44.30171,-70.38953,20,44.30185,-70.38924,"up on hill side several hundered feet into the woods, nest bowl under a dead, downed log that is 18"" off the ground.  Ferns, raspberry and short veg all around the log.",10,6/14/2020,NA,NA,NA,NA,NA,5/29/2020,6/25/2020,1,Eggs depredated at nest site.  Hen off nest and Alive on 6/14/2020
2020,1555,149.2821,2,Davis Oil,1555-2020-2,,,,44.85601,-68.7626,"in thinck, 3' tall grasses",7,6/26/2020,23+,23+,23+,23+,23+,5/24/2020,6/27/2020,0,3 eggs pipping when flushed; after hatch 6 egg caps found and 1 egg intact
2020,373,149.741,1,Rust Farm Gorham,373-2020-1,43.701393,-70.482233,,43.701393,-70.482233,"35 feet from farm access dirt road, in Hay field",8,6/8/2020,NA,NA,NA,NA,NA,6/1/2020,6/27/2020,1,"Hen killed on nest by hay mower.  at least 8 eggs in nest, Hen was seen in the woods 400 yards from nest on 5/28/2020"
2020,1618,149.031,1,Bradbury,1618-2020-1,45.00897,-68.394,184,45.0072,-68.3922,"in 2-track with overgrown, young briars (approx. 2' tall)",10,6/15/2020,16,16,16,8-11,14.5,5/22/2020,6/28/2020,0,
2020,414,150.821,1,Brad St,414-2020-1,44.79487,-69.36665,339,44.79511,-69.36729,"in juniper, tall white flower behind coming from road",9,6/10/2020,7,7,7,7,7,5/27/2020,6/30/2020,1,"nest depradated, no eggs remaining in bowl, hen is missing"
2020,283,149.612,2,Bradford,283-2020-2,45.25259,-69.07655,6,45.25291,-69.07697,Very thick veg under horizontal alder ~10ft in from driveway. Tiny flag above nest,12,6/9/2020,3,7,7,0,4,5/24/2020,7/2/2020,0,Hatched on or before 7/3. No eggs left in nest bowl
2020,848,149.645,2,McCallister-Hampden,848-2020-2,44.73385,-68.8456,40,44.73396,-68.84552,"In dense patch of briar, tall grass and downed branches.  Nest Bowl made with weaved in grass.  Dense patch is within a large field.",10,6/17/2020,6-8,6-8,6-8,6-8,7,6/2/2020,7/6/2020,0,Hatched.  egg shells and membranes scatterd in and outside fo nest.  Uncerntain on how many hatched.
2020,826,150.914,2,Bradbury,826-2020-2,,,,44.982412,-68.278216,In regen growth between stud mill and forest 4' high brush,12,NA,NA,NA,NA,NA,NA,5/29/2020,7/7/2020,1,Predated
2020,1616,150.939,2,Bradbury,1616-2020-2,,,,44.982412,-68.278216,,NA,NA,NA,NA,NA,NA,NA,5/29/2020,8/6/2020,1,
2018,275,149.494,1,Sanborn,275-2018-1,44.99294,-69.10979,278,44.9929,-69.1103,"Top of Knoll in grass, no discript",6,6/11/2018,0,0,0,,0,6/4/2018,NA,1,"6 eggs, 1 cracked on 6/11, 0 days incubation. still laying? "
2020,283,149.612,1,Bradford,283-2020-1,,,,45.2359,-69.07355,"Nest failed before float, bust nest bowl was found w few egg fragments",NA,NA,,,,,,4/6/2020,NA,1,
2020,424,150.4713,1,Emera,424-2020-1,,,,NA,NA,,NA,5/8/20,NA,NA,NA,NA,NA,4/7/2020,NA,1,"Nest never found, hen struck by vehicle, nest was estimated to be in middle of median near hiway"
2020,426,149.0555,1,Emera,426-2020-1,,,,44.778148,-68.827868,"On edge of gravel quarry on debris and within shrubby growth, single dead sapling for vertical cover.",NA,5/7/2020,NA,NA,NA,NA,NA,4/13/2020,NA,1,"Predated on nest, pile of feathers at GPS marked nest bowl, keel and feathers found <12m from nest bowl, two eggs with large holes in their side found within <3m of nest bowl."
2020,1525,149.1111,1,Roger's Farm,1525-2020-1,,,,44.956396,-68.703722,"Base of pine, empty nest bowl in duff",NA,5/18/2020,NA,NA,NA,NA,NA,4/14/2020,NA,1,"Hen predated on nest, feather pile within 2m of nest bowl, unit and carcass moved to field 5/12, mort signal heard since 5/4"
2018,369,149.504,1,Rust Farm,369-2018-1,43.700862,-70.467476,26,NA,NA,"Nest not found, coordinates are guesstimate, Hen gone on 5.31",NA,NA,NA,NA,NA,NA,NA,NA,NA,NA,"Nest Never Found. Hen Killed, Found transmitter on 6/8 @1/2 mile from nesting area"
2019,425,149.762,1,Emera,425-2019-1,,,,,,,NA,NA,NA,NA,NA,NA,NA,NA,NA,NA,
2020,1522,149.503,2,Roger's Farm,1522-2020-2,,,,44.94258,-68.6858,"on elevated stump hillock, sparsely surrounded by 2' tall white pines",NA,NA,NA,NA,NA,NA,NA,NA,NA,NA,flushed hen whith days old brood 7/1; nest located and 7 egg caps found 7/7; esimated hatch on 6/28
2020,1558,149.411,1,Davis Oil,1558-2020-1,,,,NA,NA,NA,NA,NA,NA,NA,NA,NA,NA,NA,NA,NA,"Known Successful nest but no known nest locationFound successful brood, missed nest, atleast 5 poults but in thick grass, inaccurate count due to visibility"
2020,1553,149.4196,1,Davis Oil,1553-2020-1,,,,44.84841,-68.753245,,NA,NA,,,,,,4/21/2020,NA,1,
2020,1628,149.772,1,Monson,1628-2020-1,45.70325,-69.45978,345,45.70508,-69.4613,shallow depression in open clearcut among some regenerating balsam fir and raspberry bushes,NA,NA,NA,NA,NA,NA,NA,NA,NA,1,"Approached nest on 6/4/20-20?, estimated initiation 5/8/2020, no shell fragments or whole eggs remaining"
2020,362,149.691,1,Bradbury,362-2020-1,,,,NA,NA,,NA,NA,,,,,,NA,NA,NA,"Known Success but no known nest location. hen MIA since 4/8, located 6/10 with brood of 5+ flighted poults at 45.03552, -68.37326 (2400 road searched multiple times prior). Poults were barely flighted-- 6-8' jumps and flutter down"
2020,843,149.43,1,Bradbury,843-2020-1,,,,NA,NA,,NA,NA,,,,,,NA,NA,NA,Known successful nest but no known nest location. flushed hen 6/21 with 6+ flighted poults; best guess based on telemetry is she nested the first week of May and hatched the first or second week of June.