NestID,Date,Status,Comment
1006-2019-1,5/31/2019,0,Visual on Nest. Within 15'
1006-2019-1,6/7/2019,0,Visual on Nest. Within 5'
1006-2019-1,6/14/2019,0,Visual on nest. Stood next to her.  she did not budge.
1006-2019-1,6/19/2019,1,Hatched. Visuall of hen in tall grass brooding behaviour. 8 hatched eggs.
1008-2019-1,5/23/2019,0,"Assumed Date, Abandoned on only day known alive"
1008-2019-1,5/24/2019,0,"Flushed, 12 eggs estimated 2 days incubation, Check back at 2100. Hen alive but off nest"
1008-2019-1,5/25/2019,1,
1008-2019-1,5/31/2019,1,12 cold eggs in nest bowl. Collected 1 for Steph.
1009-2019-1,6/19/2019,0,"Stood 4' from her, sitting in a patch of tall grass."
1009-2019-1,6/25/2019,0,"Assumed Date, Abandoned on day flushed"
1009-2019-1,6/26/2019,1,"12 PM Flushed off nest, 10 eggs, 13 days incubation, Off nest at 10 PM, eggs cold.  Collected 1 for steph"
1009-2019-1,7/7/2019,1,"Field cut, no cover left over nest bowl"
10353-2018-1,5/14/2018,0,On Nest
10353-2018-1,5/16/2018,0,On Nest
10353-2018-1,5/18/2018,0,On Nest
10353-2018-1,5/21/2018,0,On Nest
10353-2018-1,5/24/2018,0,On Nest
10353-2018-1,5/25/2018,0,On Nest
10353-2018-1,5/28/2018,0,On Nest
10353-2018-1,5/30/2018,0,On Nest
10353-2018-1,5/31/2018,0,On Nest
10353-2018-1,6/3/2018,0,On Nest
10353-2018-1,6/5/2018,0,On Nest
10353-2018-1,6/7/2018,0,On Nest
10353-2018-1,6/9/2018,0,On Nest
10353-2018-1,6/10/2018,0,On Nest
10353-2018-1,6/11/2018,1,Hatched
10364-2019-1,6/10/2019,0,
10364-2019-1,6/13/2019,0,
10364-2019-1,6/17/2019,0,"flushed, counted eggs"
10364-2019-1,6/18/2019,0,
10364-2019-1,6/20/2019,0,
10364-2019-1,6/24/2019,0,
10364-2019-1,6/27/2019,0,
10364-2019-1,7/3/2019,0,
10364-2019-1,7/4/2019,0,
10364-2019-1,7/8/2019,0,
10364-2019-1,7/10/2019,1,
10369-2018-1,5/8/2018,0,On Nest
10369-2018-1,5/14/2018,0,On Nest
10369-2018-1,5/17/2018,0,On Nest
10369-2018-1,5/22/2018,1,Mortality
10371-2018-1,5/14/2018,0,"On Nest, Flushed, Eggs Floated"
10371-2018-1,5/17/2018,0,On nest
10371-2018-1,5/22/2018,0,On Nest
10371-2018-1,5/24/2018,0,On Nest
10371-2018-1,5/31/2018,0,On Nest
10371-2018-1,6/6/2018,0,Estimated Hatch Date
10372-2018-1,4/29/2018,0,On Nest
10372-2018-1,5/3/2018,0,On Nest
10372-2018-1,5/8/2018,0,On Nest
10372-2018-1,5/14/2018,1,"Off Nest (far), Nest Approached"
10372-2018-2,6/7/2018,0,On Nest
10372-2018-2,6/13/2018,0,On Nest
10372-2018-2,6/28/2018,1,Off Nest
10376-2018-1,5/19/2018,0,Nest Initiated
10376-2018-1,5/30/2018,0,Incubation Initiated
10376-2018-1,5/31/2018,1,"Nest Failed, mowed"
10383-2018-1,6/11/2018,0,On Nest
10383-2018-1,6/12/2018,0,On Nest
10383-2018-1,6/14/2018,0,On Nest
10383-2018-1,6/16/2018,0,On Nest
10383-2018-1,6/18/2018,0,On Nest
10383-2018-1,6/20/2018,0,On Nest
10383-2018-1,6/22/2018,0,On Nest
10383-2018-1,6/25/2018,0,On Nest
10383-2018-1,6/27/2018,0,On Nest
10383-2018-1,6/29/2018,1,Off Nest
1501-2020-1,6/8/2020,0,visual of hen on nest under log
1501-2020-1,6/14/2020,1,"Nest Depredated, remains of 10 egg shells"
1521-2020-1,5/2/2020,0,Nest Initiated
1521-2020-1,5/10/2020,0,Incubation Initiated
1521-2020-1,5/11/2020,0,last day on nest
1521-2020-1,5/12/2020,1,
1522-2020-1,4/20/2020,NA,wide triangulation from Roger's and Littlefield Dr
1522-2020-1,4/23/2020,0,"circled at edge of gasline and clear cut, on edge of inundated skidder trail and very close to blue flagging on tree"
1522-2020-1,4/28/2020,0,
1522-2020-1,5/4/2020,0,
1522-2020-1,5/7/2020,0,"Flush date, parasitized nest, 11 eggs larger and slightly darker, 9 eggs smaller and lighter"
1522-2020-1,5/8/2020,1,abandoned on flush
1525-2020-1,4/14/2020,0,Nest Initiated
1525-2020-1,4/23/2020,0,"Need landowner permission, assumed nesting from GPS data"
1525-2020-1,4/27/2020,0,Incubation Initiated
1525-2020-1,4/28/2020,0,
1525-2020-1,5/4/2020,0,"First heard mort signal, could be malfuntioning unit"
1525-2020-1,5/7/2020,0,mort signal but still same bearing
1525-2020-1,5/12/2020,1,GPS data first date off-nest
1525-2020-1,5/12/2020,1,last day on nest
1525-2020-1,5/13/2020,NA,still heard at same bearing on mortality signal
1525-2020-1,5/13/2020,1,
1525-2020-1,5/18/2020,1,"Recovered mort ~1 mile away on edge of the Stillwater, likely killed on nest but transmitter was carried away"
1552-2020-1,5/11/2020,NA,"same bearing as last visit, need landowner permission"
1552-2020-1,5/13/2020,NA,"same bearing as last visit, triangulated to field/forest edge"
1552-2020-1,5/18/2020,NA,access down emerson rd?
1552-2020-1,5/23/2020,0,closer triangulation from tilled field
1552-2020-1,6/1/2020,0,"Flush date, 13 eggs, 16 days avg float"
1552-2020-1,6/2/2020,0,returned to nest
1552-2020-1,6/8/2020,1,"within 30m of nest foraging in tall grass, eggs still warm and whole"
1552-2020-1,6/12/2020,1,"HATCHED, brood within 60m of nest, membranes still wet and tea cups very fresh, waiting for veg b/c too close"
1553-2020-1,4/21/2020,0,Nest Initiated
1553-2020-1,5/3/2020,0,Incubation Initiated
1553-2020-1,5/5/2020,0,"on the move, not near nest"
1553-2020-1,5/8/2020,0,same bearing as 1555 but in the direction of GPS nest point
1553-2020-1,5/12/2020,0,same bearing as GPS nest point
1553-2020-1,5/13/2020,0,"downloaded, on nest"
1553-2020-1,5/18/2020,0,
1553-2020-1,5/20/2020,0,
1553-2020-1,5/23/2020,0,
1553-2020-1,5/26/2020,0,"downloaded, on nest"
1553-2020-1,5/27/2020,0,last day on nest
1553-2020-1,5/28/2020,1,
1553-2020-1,6/1/2020,1,"no longer on nest, unable to locate nest because of ruffed grouse brood near gps nest point and nest point on rock wall, will verify GPS data, visual on hen with 1560, 446, and toms 1/2 mile away, likely nest failure"
1555-2020-2,6/5/2020,0,"On edge of yard, suspect nesting but will confirm next check"
1555-2020-2,6/8/2020,0,
1555-2020-2,6/10/2020,0,
1555-2020-2,6/17/2020,0,"single egg found by landowners in middle of bare spot in their yard, within 30m of supposed nesting site, still laying or predator moved it?"
1555-2020-2,6/19/2020,0,
1555-2020-2,6/25/2020,0,"On nest, will flush next check"
1555-2020-2,6/26/2020,0,flushed
1555-2020-2,6/30/2020,1,
1560-2020-1,5/8/2020,0,Edge of Veazie Railroad trail
1560-2020-1,5/12/2020,0,
1560-2020-1,5/15/2020,0,close triangulation
1560-2020-1,5/18/2020,0,"nest estimate: 44.853094, -68.754184"
1560-2020-1,5/23/2020,0,"Flush date, 12 eggs, may have cracked an egg of flush"
1560-2020-1,5/26/2020,1,"Abandoned nest, cracked egg gone/eaten, bird moving towards gobblers in the field"
1561-2020-1,4/11/2020,0,Nest Initiated
1561-2020-1,4/23/2020,0,Incubation Initiated
1561-2020-1,5/29/2020,0,last day on nest
1561-2020-1,5/30/2020,1,
1562-2020-1,4/30/2020,0,
1562-2020-1,5/4/2020,0,
1562-2020-1,5/6/2020,0,
1562-2020-1,5/8/2020,1,"Depredated, Transmitter Recovered"
1563-2020-1,4/16/2020,0,Nest Initiated
1563-2020-1,5/1/2020,0,Incubation Initiated
1563-2020-1,5/6/2020,0,last day on nest
1563-2020-1,5/7/2020,1,
1564-2020-1,5/11/2020,0,
1564-2020-1,5/15/2020,0,
1564-2020-1,5/20/2020,0,Flushed - 10 Eggs
1564-2020-1,5/21/2020,1,"10 cold eggs, hen signal not heard"
1565-2020-1,5/15/2020,0,
1565-2020-1,5/20/2020,0,Flushed - 10 Eggs
1565-2020-1,5/21/2020,0,
1565-2020-1,5/25/2020,0,
1565-2020-1,5/27/2020,0,
1565-2020-1,6/2/2020,0,
1565-2020-1,6/5/2020,0,
1565-2020-1,6/8/2020,0,
1565-2020-1,6/11/2020,1,"Successful hatch of at least 8 eggs.  Only found remains of 8 hatched eggs, 2 missing. Likely Hatched 6/9 based on condition of egg shells and membrane"
1615-2020-1,5/28/2020,0,MIA since 5/2 previously
1615-2020-1,5/29/2020,0,Flushed
1615-2020-1,6/1/2020,0,
1615-2020-1,6/8/2020,0,
1615-2020-1,6/24/2020,0,Estimated Hatch Date. Nest was successful but no info after 6-8 
1615-2020-1,6/25/2020,1,
1616-2020-1,5/18/2020,0,Nest Initiated
1616-2020-1,5/28/2020,0,Incubation Initiated
1616-2020-1,6/14/2020,0,last day on nest
1616-2020-1,6/15/2020,1,
1617-2020-1,4/14/2020,0,Nest Initiated
1617-2020-1,4/28/2020,0,Incubation Initiated
1617-2020-1,4/29/2020,0,last day on nest
1617-2020-1,4/30/2020,1,
1618-2020-1,6/2/2020,0,
1618-2020-1,6/10/2020,0,
1618-2020-1,6/15/2020,0,
1618-2020-1,6/17/2020,0,
1618-2020-1,6/21/2020,0,
1618-2020-1,6/30/2020,1,
1621-2020-1,5/14/2020,0,
1621-2020-1,5/19/2020,0,
1621-2020-1,5/21/2020,0,
1621-2020-1,5/26/2020,0,
1621-2020-1,5/27/2020,0,
1621-2020-1,6/1/2020,0,
1621-2020-1,6/12/2020,1,"4 partial egg shells found, 2 whole eggs found (1 mostly yolk, 1 mostly developed poult)--date is cover board measurements date"
1621-2020-1,6/19/2020,1,
1622-2020-1,5/6/2020,0,Nest Initiated
1622-2020-1,5/19/2020,0,Incubation Initiated
1622-2020-1,6/15/2020,0,last day on nest
1622-2020-1,6/16/2020,1,
1622-2020-1,6/30/2020,1,"GPS bird; 11 eggs total (8 hatched, 3 unhatched)"
1624-2020-1,5/14/2020,0,
1624-2020-1,5/19/2020,0,
1624-2020-1,5/21/2020,0,
1624-2020-1,5/27/2020,0,
1624-2020-1,5/28/2020,0,
1624-2020-1,6/1/2020,0,
1624-2020-1,6/4/2020,0,
1624-2020-1,6/11/2020,1,
1624-2020-1,6/16/2020,1,"10 total eggs (8 hatched, 2 whole)--date is cover board measurements date"
1625-2020-1,5/19/2020,0,
1625-2020-1,5/21/2020,0,
1625-2020-1,5/27/2020,0,
1625-2020-1,6/4/2020,0,
1625-2020-1,6/11/2020,0,
1625-2020-1,6/17/2020,1,"10 partial egg shells found, no whole eggs found--date is cover board measurements date)"
1626-2020-1,4/22/2020,0,Nest Initiated
1626-2020-1,5/5/2020,0,Incubation Initiated
1626-2020-1,5/31/2020,0,last day on nest
1626-2020-1,6/1/2020,1,
1626-2020-1,6/5/2020,1,"10 different eggs found (9 hatched, 1 whole)--date is cover board measurements date"
1627-2020-1,5/21/2020,0,
1627-2020-1,5/27/2020,0,
1627-2020-1,6/4/2020,0,
1627-2020-1,6/5/2020,0,
1627-2020-1,6/17/2020,0,
1627-2020-1,6/22/2020,1,"hen within 1/4 mile, but all 11 eggs unhatched"
1627-2020-1,6/25/2020,1,
1627-2020-1,6/30/2020,1,"hen audible, but not close (all 11 eggs still unhatched)"
1628-2020-1,5/21/2020,0,
1628-2020-1,5/26/2020,0,
1628-2020-1,6/4/2020,1,nest vacated; no egg shells or whole eggs present
1628-2020-1,6/4/2020,1,
251-2018-1,5/3/2018,0,Nest Initiated
251-2018-1,5/13/2018,0,Incubation Initiated
251-2018-1,6/4/2018,0,On Nest
251-2018-1,6/5/2018,1,Nest Failed
258-2018-1,4/24/2018,0,Nest Initiated
258-2018-1,5/2/2018,0,On Nest
258-2018-1,5/3/2018,1,Nest Failed
258-2018-2,5/7/2018,0,Nest Initiated
258-2018-2,5/17/2018,0,Incubation Initiated
258-2018-2,6/5/2018,0,On nest
258-2018-2,6/6/2018,1,Nest Failed
265-2019-1,5/13/2019,0,
265-2019-1,5/16/2019,0,
265-2019-1,5/21/2019,0,
265-2019-1,5/24/2019,0,
265-2019-1,5/30/2019,0,flushed
265-2019-1,5/31/2019,0,
265-2019-1,6/3/2019,0,
265-2019-1,6/5/2019,0,
265-2019-1,6/9/2019,0,
265-2019-1,6/10/2019,0,
265-2019-1,6/11/2019,0,
265-2019-1,6/12/2019,0,
275-2018-1,6/11/2018,0,On Nest
275-2018-1,6/12/2018,0,On Nest
275-2018-1,6/14/2018,0,On Nest
275-2018-1,6/16/2018,0,On Nest
275-2018-1,6/18/2018,1,Depredated
275-2018-2,6/22/2018,0,On Nest
275-2018-2,6/25/2018,0,On Nest
275-2018-2,6/29/2018,0,On Nest
275-2018-2,6/30/2018,0,On Nest
275-2018-2,7/3/2018,0,On Nest
275-2018-2,7/7/2018,0,On Nest
275-2018-2,7/12/2018,0,On Nest
275-2018-2,7/15/2018,0,On Nest
275-2018-2,7/18/2018,0,On Nest
275-2019-2,6/5/2019,0,
275-2019-2,6/10/2019,0,
275-2019-2,6/13/2019,0,
275-2019-2,6/18/2019,0,"flushed, eggs counted"
275-2019-2,6/19/2019,1,2 fields away
275-2019-2,6/20/2019,1,"eggs cold, abandoned"
280-2018-1,4/23/2018,0,Nest Initiated
280-2018-1,5/5/2018,0,Incubation Initiated
280-2018-1,5/7/2018,0,On Nest
280-2018-1,5/8/2018,1,Nest Failed
280-2018-2,5/13/2018,0,Nest Initiated
280-2018-2,5/24/2018,0,Incubation Initiated
280-2018-2,6/1/2018,0,On Nest
280-2018-2,6/2/2018,1,Nest Failed
280-2018-3,6/23/2018,0,Nest Initiated
280-2018-3,7/1/2018,0,Incubation Initiated
280-2018-3,7/28/2018,0,On Nest
281-2018-1,5/8/2018,0,On Nest
281-2018-1,5/9/2018,0,On Nest
281-2018-1,5/11/2018,0,On Nest
281-2018-1,5/14/2018,0,On Nest
281-2018-1,5/16/2018,0,On Nest
281-2018-1,5/18/2018,0,On Nest
281-2018-1,5/21/2018,0,On Nest
281-2018-1,5/24/2018,0,On Nest
281-2018-1,5/25/2018,0,On Nest
281-2018-1,5/28/2018,0,On Nest
281-2018-1,5/30/2018,0,On Nest
281-2018-1,6/1/2018,0,On Nest
281-2018-1,6/3/2018,0,On Nest
283-2019-1,5/23/2019,0,
283-2019-1,5/27/2019,0,
283-2019-1,5/30/2019,0,
283-2019-1,6/3/2019,0,
283-2019-1,6/5/2019,0,
283-2019-1,6/7/2019,0,
283-2019-1,6/10/2019,0,
283-2019-1,6/13/2019,0,
283-2019-1,6/17/2019,0,"flushed, counted eggs"
283-2019-1,6/18/2019,0,
283-2019-1,6/20/2019,0,
283-2019-1,6/24/2019,0,
283-2019-1,6/27/2019,0,
283-2019-1,7/1/2019,1,Estimated Hatch Date
283-2019-1,7/3/2019,1,First check since failure
283-2019-1,7/4/2019,1,
283-2020-1,4/23/2020,0,
283-2020-1,5/5/2020,1,
283-2020-1,5/8/2020,1,
283-2020-1,5/12/2020,0,nest predated. bowl found
283-2020-2,6/9/2020,0,
283-2020-2,6/10/2020,0,
283-2020-2,6/11/2020,0,
283-2020-2,6/15/2020,0,
283-2020-2,6/18/2020,0,
283-2020-2,6/22/2020,0,
283-2020-2,6/25/2020,0,
283-2020-2,6/29/2020,1,
283-2020-2,7/3/2020,1,
286-2018-1,4/25/2018,0,Nest Initiated
286-2018-1,5/9/2018,0,Incubation Initiated
286-2018-1,5/28/2018,0,On Nest
286-2018-1,5/29/2018,1,Nest Failed
286-2018-2,6/16/2018,0,Nest Initiated
286-2018-2,6/25/2018,0,Incubation Initiated
286-2018-2,7/21/2018,0,On Nest
352-2018-1,5/10/2018,0,On Nest
352-2018-1,5/14/2018,0,On Nest
352-2018-1,5/17/2018,0,On Nest
352-2018-1,5/22/2018,0,"Flushed, Nest Approached"
352-2018-1,5/23/2018,0,On Nest
352-2018-1,5/31/2018,1,"Off Nest, nest predated"
354-2018-1,4/27/2018,0,Nest Initiated
354-2018-1,5/7/2018,0,Incubation Initiated
354-2018-1,5/12/2018,0,On Nest
354-2018-1,5/13/2018,1,Nest Failed
355-2018-1,4/18/2018,0,Nest Initiated
355-2018-1,5/3/2018,0,Incubation Initiated
355-2018-1,5/19/2018,0,On Nest
355-2018-1,5/20/2018,1,Nest Failed
356-2018-1,5/18/2018,0,On Nest
356-2018-1,5/18/2018,0,On Nest
356-2018-1,5/21/2018,0,On Nest
356-2018-1,5/21/2018,0,On Nest
356-2018-1,5/23/2018,0,On Nest
356-2018-1,5/23/2018,0,On Nest
356-2018-1,5/25/2018,0,On Nest
356-2018-1,5/25/2018,0,On Nest
356-2018-1,5/28/2018,0,On Nest
356-2018-1,5/28/2018,0,On Nest
356-2018-1,5/30/2018,0,On Nest
356-2018-1,6/1/2018,0,"On Nest, Flushed, Nest approached"
356-2018-1,6/2/2018,0,On Nest
356-2018-1,6/4/2018,0,On Nest
356-2018-1,6/6/2018,0,On Nest
356-2018-1,6/8/2018,0,On Nest
356-2018-1,6/13/2018,0,On Nest
356-2018-1,6/14/2018,0,On Nest
359-2018-1,5/11/2018,0,On Nest
359-2018-1,5/13/2018,0,On Nest
359-2018-1,5/16/2018,0,On Nest
359-2018-1,5/18/2018,0,On Nest
359-2018-1,5/21/2018,0,On Nest
359-2018-1,5/23/2018,0,"On nest, Flushed, nest approached"
359-2018-1,5/25/2018,0,On Nest
359-2018-1,5/28/2018,0,On Nest
359-2018-1,5/30/2018,0,On Nest
359-2018-1,6/1/2018,0,On Nest
359-2018-1,6/4/2018,0,On Nest
359-2018-1,6/6/2018,0,On Nest
359-2018-1,6/8/2018,0,On Nest
359-2018-1,6/12/2018,1,"Predated, Off nest (far)/nest approached"
361-2018-1,4/24/2018,0,Nest Initiated
361-2018-1,5/6/2018,0,Incubation Initiated
361-2018-1,5/21/2018,0,On Nest
361-2018-1,5/22/2018,1,Nest Failed
362-2018-1,5/9/2018,0,On Nest
362-2018-1,5/11/2018,0,On Nest
362-2018-1,5/13/2018,0,On Nest
362-2018-1,5/16/2018,0,On Nest
362-2018-1,5/18/2018,0,On Nest
362-2018-1,5/21/2018,0,Flushed/Nest Approached
362-2018-1,5/22/2018,0,On Nest
362-2018-1,5/23/2018,0,On Nest
362-2018-1,5/25/2018,0,On Nest
362-2018-1,5/28/2018,0,On Nest
362-2018-1,5/30/2018,0,On Nest
362-2018-1,6/1/2018,0,"On Nest, Poults Heard"
365-2018-1,5/14/2018,0,On Nest
365-2018-1,5/17/2018,0,On nest
365-2018-1,5/22/2018,1,Off nest
365-2018-1,5/23/2018,1,Mortality
369-2018-1,5/14/2018,0,On Nest
369-2018-1,5/17/2018,0,On Nest
369-2018-1,5/22/2018,0,On Nest
369-2018-1,5/31/2018,1,Off Nest
372-2018-1,5/14/2018,0,On Nest
372-2018-1,5/17/2018,0,On Nest
372-2018-1,5/22/2018,0,On nest
372-2018-1,5/30/2018,0,Hatched
372-2019-1,5/15/2019,0,"First Detected on Nest, Flushed, 9 eggs est. 6 days incubated"
372-2019-1,5/24/2019,1,"Eggs gone, Hen alive."
372-2019-2,6/19/2019,0,Flushed ; 9 eggs estimated 10 days incubated
372-2019-2,6/26/2019,1,"Eggs gone, Hen alive."
373-2019-1,6/7/2019,0,"Withing 20 yards, 10 clicks down"
373-2019-1,6/19/2019,0,"Flushed, 11 eggs estimated 12 days incubated"
373-2019-1,6/26/2019,0,
373-2019-1,7/4/2019,0,Estimated Hatch Date
373-2019-1,7/7/2019,1,"Hatch, 8 hatched egg shells remaining, first check post hatch"
373-2020-1,5/28/2020,0,Visual in the woods
373-2020-1,6/8/2020,1,Killed on nest by hay mower
375-2019-1,5/6/2019,0,Nest Initiated
375-2019-1,5/20/2019,0,Incubation Initiated
375-2019-1,6/8/2019,0,last day on nest
375-2019-1,6/9/2019,1,Failed
381-2019-1,5/16/2019,0,"Flushed, 13 eggs estimated 7 days incubated"
381-2019-1,5/24/2019,0,
381-2019-1,5/31/2019,0,
381-2019-1,6/7/2019,0,"Estimated hatch date, also checked but on nest"
381-2019-1,6/10/2019,1,"Hatch, 6 hatched egg shells in remaining"
381-2020-1,4/29/2020,0,Mort Signal.  Hen was not dead and sitting on nest.  She flushed before I knew she was on the nest. 13 eggs. Did not float
381-2020-1,4/30/2020,1,"Back for PM check 8 hours later.  Hen was off nest, in the roost 100 feet from nest site."
381-2020-1,5/7/2020,1,"Distant signal, empty nest bowl"
392-2019-1,5/7/2019,0,
392-2019-1,5/10/2019,0,
392-2019-1,5/14/2019,0,
392-2019-1,5/16/2019,0,
392-2019-1,5/17/2019,0,
392-2019-1,5/20/2019,0,
392-2019-1,5/22/2019,0,
392-2019-1,5/24/2019,0,
392-2019-1,5/28/2019,0,Flushed
392-2019-1,5/30/2019,0,Hen returned
392-2019-1,6/3/2019,0,
392-2019-1,6/5/2019,0,
392-2019-1,6/7/2019,0,
392-2019-1,6/10/2019,0,
392-2019-1,6/12/2019,0,
392-2019-1,6/14/2019,0,
392-2019-1,6/17/2019,NA,"Hen off nest but returned after next check, changed to NA for encounter history"
392-2019-1,6/18/2019,0,Hen returned to nest
392-2019-1,6/19/2019,0,
392-2019-1,6/20/2019,1,"Hen gone, nest predated"
395-2019-1,5/7/2019,0,Flushed
395-2019-1,5/7/2019,0,Flushed from nest
395-2019-1,5/10/2019,0,Returned to nest
395-2019-1,5/10/2019,0,Returned to nest
395-2019-1,5/14/2019,0,On Nest
395-2019-1,5/14/2019,0,
395-2019-1,5/16/2019,0,
395-2019-1,5/17/2019,0,
395-2019-1,5/20/2019,0,
395-2019-1,5/22/2019,0,
395-2019-1,5/24/2019,0,
395-2019-1,5/28/2019,0,
395-2019-1,5/29/2019,0,
395-2019-1,5/30/2019,0,
395-2019-1,5/31/2019,0,
395-2019-1,6/3/2019,0,
395-2019-1,6/5/2019,0,
395-2019-1,6/7/2019,0,
395-2019-1,6/10/2019,0,
395-2019-1,6/12/2019,0,
395-2019-1,6/13/2019,0,Estimated Hatch Date
396-2019-1,5/20/2019,0,
396-2019-1,5/22/2019,0,
396-2019-1,5/24/2019,0,
396-2019-1,5/28/2019,0,
396-2019-1,5/30/2019,0,
396-2019-1,6/3/2019,0,Flushed
396-2019-1,6/5/2019,0,Returned
396-2019-1,6/7/2019,0,
396-2019-1,6/10/2019,0,
396-2019-1,6/12/2019,0,
396-2019-1,6/14/2019,0,
396-2019-1,6/17/2019,0,
396-2019-1,6/20/2019,1,"Hen gone, nest predated"
396-2020-1,4/17/2020,0,within downed cedar/fir cover?
396-2020-1,4/20/2020,0,still within wind thrown trees
396-2020-1,4/23/2020,0,"circled tighter, did not flush, behind wind thrown trees"
396-2020-1,4/28/2020,0,close triangulation
396-2020-1,5/2/2020,0,"flush date, 14 eggs, 1 displace from nest upon flush, avg float 8 days, returned to nest within 3 hrs"
396-2020-1,5/4/2020,0,
396-2020-1,5/11/2020,0,
396-2020-1,5/15/2020,0,
396-2020-1,5/18/2020,NA,still in close to proximity to nest
396-2020-1,5/20/2020,0,
396-2020-1,5/23/2020,0,
396-2020-1,5/26/2020,1,"hatched either today or yesterday (5/25), membranes not wet, tea cups of 7 hatched eggs! Hen/brood nearby in gravel pit"
397-2020-1,4/20/2020,NA,"need landowner permission, very close to nesting hen 1522"
397-2020-1,4/23/2020,0,"same direction as last visit, circled closure within clearcut"
397-2020-1,4/28/2020,0,
397-2020-1,5/4/2020,0,"circled tighter, in slash pile? Edge of skidder trail"
397-2020-1,5/7/2020,0,"flush date, great nest cover! 12 eggs, avg float 8 days"
397-2020-1,5/8/2020,1,"Hen killed during flush by fox, witnessed by neighboring landowner, nest will be censored from dataset"
401-2019-1,5/23/2019,0,Flushed
401-2019-1,5/24/2019,0,Returned to nest
401-2019-1,5/27/2019,0,
401-2019-1,5/29/2019,0,
401-2019-1,5/31/2019,0,
401-2019-1,6/3/2019,0,
401-2019-1,6/5/2019,0,
401-2019-1,6/7/2019,0,
401-2019-1,6/10/2019,0,
401-2019-1,6/12/2019,0,
401-2019-1,6/14/2019,0,
401-2019-1,6/17/2019,1,Failed
409-2019-1,5/11/2019,0,Nest Initiated
409-2019-1,5/22/2019,0,Incubation Initiated
409-2019-1,5/24/2019,0,last day on nest
409-2019-1,5/25/2019,1,Failed
409-2020-1,4/22/2020,0,Nest Initiated
409-2020-1,5/3/2020,0,Incubation Initiated
409-2020-1,5/6/2020,0,last day on nest
409-2020-1,5/7/2020,1,
410-2019-1,5/13/2019,0,Nest Initiated
410-2019-1,5/23/2019,0,Incubation Initiated
410-2019-1,6/20/2019,0,last day on nest
410-2020-1,4/29/2020,0,Nest Initiated
410-2020-1,5/10/2020,0,Incubation Initiated
410-2020-1,5/24/2020,0,last day on nest
410-2020-1,5/25/2020,1,
411-2019-1,5/14/2019,0,
411-2019-1,5/16/2019,0,
411-2019-1,5/21/2019,NA,"feeding in field, Changed  to NA for encounter history"
411-2019-1,5/23/2019,0,
411-2019-1,5/27/2019,0,
411-2019-1,5/30/2019,0,
411-2019-1,6/4/2019,0,Flushed
411-2019-1,6/5/2019,1,Abandoned post flushing
411-2019-1,6/6/2019,1,
411-2020-1,5/11/2020,0,
411-2020-1,5/14/2020,0,
411-2020-1,5/18/2020,0,
411-2020-1,5/20/2020,0,
411-2020-1,5/22/2020,0,
411-2020-1,5/25/2020,0,
411-2020-1,5/28/2020,0,
411-2020-1,5/29/2020,0,
411-2020-1,6/2/2020,0,
411-2020-1,6/5/2020,1,
414-2020-1,6/5/2020,0,
414-2020-1,6/10/2020,0,
414-2020-1,6/11/2020,0,
414-2020-1,6/15/2020,0,
414-2020-1,6/18/2020,1,
420-2019-1,5/14/2019,0,Nest Initiated
420-2019-1,5/28/2019,0,Incubation Initiated
420-2019-1,6/2/2019,0,last day on nest
420-2019-1,6/3/2019,1,
420-2020-1,4/14/2020,0,Nest Initiated
420-2020-1,4/27/2020,0,Incubation Initiated
420-2020-1,5/25/2020,0,last day on nest
420-2020-1,5/26/2020,1,
423-2019-1,5/22/2019,0,Flushed
423-2019-1,5/24/2019,0,returned
423-2019-1,5/28/2019,0,
423-2019-1,5/30/2019,1,"Hen abandoned nest, egg retrieved"
423-2019-2,6/27/2019,0,
423-2019-2,7/1/2019,0,
423-2019-2,7/5/2019,0,
423-2019-2,7/9/2019,0,
423-2019-2,7/11/2019,0,
423-2019-2,7/16/2019,1,
424-2019-1,5/15/2019,0,
424-2019-1,5/17/2019,0,
424-2019-1,5/21/2019,0,
424-2019-1,5/23/2019,0,
424-2019-1,5/27/2019,1,
424-2019-1,5/29/2019,1,
424-2019-1,5/31/2019,1,
424-2020-1,4/17/2020,NA,
424-2020-1,4/20/2020,0,
424-2020-1,4/23/2020,0,circled on edges of highway median
424-2020-1,4/28/2020,0,"circled in same manner, worried about flushing into traffic"
424-2020-1,5/4/2020,0,closest to major highway side of median
424-2020-1,5/7/2020,0,still on nest but transmitting mort signal
424-2020-1,5/8/2020,1,"unable to locate nest, mortality found on edge of median closest to main highway, left leg dislocated/broken, pootential car collision, meat and crop contents still fresh, mortality could have occurred <2 days prior"
425-2019-1,6/17/2019,0,
425-2019-1,6/19/2019,0,
425-2019-1,6/21/2019,0,
425-2019-1,6/25/2019,0,
425-2019-1,6/27/2019,1,"mort mode- 35* from NE corner of PAF lot, w/i 10m"
425-2019-1,7/1/2019,1,Failed (retroactively changed fate on 6/27)
426-2019-1,5/6/2019,0,Nest Initiated
426-2019-1,5/14/2019,0,Incubation Initiated
426-2019-1,5/16/2019,0,last day on nest
426-2019-1,5/17/2019,1,Failed
426-2019-2,5/31/2019,0,Nest Initiated
426-2019-2,6/6/2019,0,Incubation Initiated
426-2019-2,7/4/2019,0,last day on nest
426-2020-1,4/13/2020,0,Nest Initiated
426-2020-1,4/15/2020,NA,"downloaded, nesting?"
426-2020-1,4/17/2020,NA,same spot as last check
426-2020-1,4/23/2020,0,visual with flock
426-2020-1,4/26/2020,0,Incubation Initiated
426-2020-1,4/28/2020,NA,download from highway
426-2020-1,4/29/2020,0,nesting in gravel pit?
426-2020-1,5/4/2020,0,last day on nest
426-2020-1,5/5/2020,1,
426-2020-1,5/7/2020,0,"killed on nest, assessed GPS nest point, transmitter ~400m away still emitting live signal, two eggs found depredated near nest with large holes in the side, suspect coyote predation"
435-2019-1,6/7/2019,0,Nest Initiated
435-2019-1,6/14/2019,0,Incubation Initiated
435-2019-1,6/26/2019,0,last day on nest
435-2019-1,6/27/2019,1,
438-2019-2,6/21/2019,0,Flushed off nest
438-2019-2,6/24/2019,0,returned to nest
438-2019-2,6/26/2019,0,
438-2019-2,7/1/2019,0,
438-2019-2,7/5/2019,0,
438-2019-2,7/9/2019,0,
438-2019-2,7/11/2019,1,"Hen seen off nest, but nearby so did not check nest"
438-2019-2,7/16/2019,1,"Hen no where to be found, nest predated"
438-2020-1,5/28/2020,0,
438-2020-1,6/2/2020,0,
438-2020-1,6/8/2020,0,
438-2020-1,6/15/2020,0,
438-2020-1,6/19/2020,1,
442-2020-1,5/14/2020,0,MIA since 5/3
442-2020-1,5/17/2020,0,Flushed
442-2020-1,5/19/2020,0,
442-2020-1,5/24/2020,0,
442-2020-1,5/27/2020,0,
442-2020-1,6/1/2020,1,
444-2019-1,4/29/2019,0,Nest Initiated
444-2019-1,5/9/2019,0,Incubation Initiated
444-2019-1,5/11/2019,0,last day on nest
444-2019-1,5/12/2019,1,Failed
444-2019-2,6/4/2019,0,Nest Initiated
444-2019-2,6/13/2019,0,Incubation Initiated
444-2019-2,7/8/2019,0,last day on nest
444-2019-2,7/9/2019,1,
445-2019-1,5/10/2019,0,
445-2019-1,5/13/2019,0,
445-2019-1,5/15/2019,0,
445-2019-1,5/17/2019,0,
445-2019-1,5/20/2019,0,
445-2019-1,5/23/2019,0,
445-2019-1,5/24/2019,0,
445-2019-1,5/27/2019,0,
445-2019-1,5/29/2019,0,
445-2019-1,5/31/2019,0,
445-2019-1,6/2/2019,0,Estimated Hatch Date
445-2019-1,6/3/2019,1,
446-2020-1,5/12/2020,NA,"in same vicinity as last two checks, assume laying initiation"
446-2020-1,5/15/2020,0,"attempted to circle tighter but flushed off nest at edge of trail, 10 eggs, recently started incubation"
446-2020-1,5/16/2020,1,abandoned nest
447-2019-1,5/4/2019,0,Nest Initiated
447-2019-1,5/16/2019,0,Incubation Initiated
447-2019-1,6/15/2019,0,last day on nest
447-2019-1,6/16/2019,1,
449-2020-1,5/17/2020,0,
449-2020-1,5/19/2020,0,
449-2020-1,5/24/2020,0,
449-2020-1,5/27/2020,0,
449-2020-1,6/1/2020,1,
450-2019-1,5/17/2019,0,Hen flushed
450-2019-1,5/20/2019,0,Hen returned
450-2019-1,5/24/2019,1,"Nest predated, eggs all cracked open and huge pile of feathers. Hen still alive"
752-2019-1,5/9/2019,0,
752-2019-1,5/10/2019,0,
752-2019-1,5/13/2019,0,
752-2019-1,5/15/2019,0,
752-2019-1,5/17/2019,0,
752-2019-1,5/20/2019,0,
752-2019-1,5/23/2019,0,
752-2019-1,5/24/2019,0,
752-2019-1,5/27/2019,0,
752-2019-1,5/31/2019,0,
752-2019-1,6/3/2019,0,
752-2019-1,6/5/2019,0,
752-2019-1,6/6/2019,0,Estimated Hatch Date
752-2019-1,6/7/2019,1,First day checked post hatch
754-2019-1,5/6/2019,0,
754-2019-1,5/8/2019,0,
754-2019-1,5/10/2019,0,
754-2019-1,5/13/2019,0,
754-2019-1,5/15/2019,0,
754-2019-1,5/17/2019,0,
754-2019-1,5/20/2019,0,
754-2019-1,5/23/2019,0,
754-2019-1,5/24/2019,0,
754-2019-1,5/27/2019,0,
754-2019-1,5/29/2019,0,
754-2019-1,5/31/2019,0,
754-2019-1,6/3/2019,0,
754-2019-1,6/5/2019,0,
754-2019-1,6/7/2019,0,
754-2019-1,6/8/2019,0,Estimated Hatch Date
754-2019-1,6/10/2019,1,First day checked post hatch
826-2020-1,4/24/2020,0,Nest Initiated
826-2020-1,5/5/2020,0,Incubation Initiated
826-2020-1,5/17/2020,0,last day on nest
826-2020-1,5/18/2020,1,
833-2019-1,5/3/2019,0,Nest Initiated
833-2019-1,5/16/2019,0,Incubation Initiated
833-2019-1,5/30/2019,0,last day on nest
833-2019-1,5/31/2019,1,
836-2019-1,5/13/2019,0,
836-2019-1,5/16/2019,0,
836-2019-1,5/21/2019,0,
836-2019-1,5/24/2019,0,
836-2019-1,5/28/2019,0,
836-2019-1,5/30/2019,0,
836-2019-1,6/3/2019,0,
836-2019-1,6/5/2019,0,
836-2019-1,6/9/2019,0,
836-2019-1,6/10/2019,0,
836-2019-1,6/11/2019,0,
836-2019-1,6/12/2019,0,
836-2019-1,6/13/2019,0,
836-2019-1,6/14/2019,0,
836-2019-1,6/16/2019,0,
836-2019-1,6/18/2019,1,Mortality
838-2020-1,5/15/2020,0,
838-2020-1,5/19/2020,0,
838-2020-1,5/23/2020,0,
838-2020-1,5/26/2020,0,
838-2020-1,5/27/2020,0,
838-2020-1,5/28/2020,1,
839-2020-1,5/15/2020,0,Nest Initiated
839-2020-1,5/24/2020,0,Incubation Initiated
839-2020-1,5/30/2020,0,last day on nest
839-2020-1,5/31/2020,1,
842-2020-1,5/19/2020,0,
842-2020-1,5/24/2020,0,
842-2020-1,5/28/2020,0,
842-2020-1,6/2/2020,0,
842-2020-1,6/8/2020,0,
842-2020-1,6/10/2020,0,
842-2020-1,6/15/2020,0,
842-2020-1,6/21/2020,0,
842-2020-1,6/22/2020,1,
844-2020-1,4/10/2020,0,Nest Initiated
844-2020-1,4/26/2020,0,Incubation Initiated
844-2020-1,5/10/2020,0,last day on nest
844-2020-1,5/11/2020,1,
845-2020-1,5/6/2020,0,
845-2020-1,5/8/2020,0,
845-2020-1,5/11/2020,0,
845-2020-1,5/15/2020,0,
845-2020-1,5/20/2020,0,"Flushed, 14 eggs, Float = 16 days"
845-2020-1,5/21/2020,0,
845-2020-1,5/25/2020,0,
845-2020-1,5/27/2020,0,
845-2020-1,5/29/2020,1,"Hatch - 9 Eggs, 4 unhatched, 1 missing, hen seen 500 meters from nest with poults"
848-2020-1,5/11/2020,0,
848-2020-1,5/15/2020,0,
848-2020-1,5/20/2020,1,"Eggs gone, hen very distant signal to the NW"
848-2020-2,6/8/2020,0,
848-2020-2,6/11/2020,0,
848-2020-2,6/12/2020,0,
848-2020-2,6/17/2020,0,Flushed - 9 Eggs
848-2020-2,6/18/2020,0,
848-2020-2,6/22/2020,0,
848-2020-2,6/24/2020,0,
848-2020-2,6/26/2020,0,
848-2020-2,7/1/2020,0,
848-2020-2,7/2/2020,0,Back Calculated this as hatch date
848-2020-2,7/3/2020,1,visual of hen and at least 5 poults in field
849-2020-1,4/12/2020,0,Nest Initiated
849-2020-1,4/24/2020,0,Incubation Initiated
849-2020-1,5/15/2020,0,last day on nest
849-2020-1,5/16/2020,1,
850-2020-1,5/27/2020,0,visual of hen on nest
850-2020-1,5/29/2020,0,
850-2020-1,6/2/2020,0,
850-2020-1,6/5/2020,0,
850-2020-1,6/8/2020,0,
850-2020-1,6/11/2020,0,
850-2020-1,6/12/2020,0,
850-2020-1,6/17/2020,1,"Nest Depredated, Hen alive but faraway"
904-2019-1,5/13/2019,0,
904-2019-1,5/17/2019,0,
904-2019-1,5/20/2019,0,
904-2019-1,5/23/2019,0,Flushed off nest: 8 predated eggs
904-2019-1,5/24/2019,1,
911-2019-1,5/14/2019,0,strong signal (close) in Right of way
911-2019-1,5/20/2019,0,
911-2019-1,5/23/2019,0,"Flushed, 15 eggs estimated 11 days incubation"
911-2019-1,5/27/2019,1,"Eggs gone, hen alive off nest"
911-2019-2,6/30/2019,0,10 clicks down from original Freq. in Bush about 10' away
911-2019-2,7/5/2019,0,
911-2019-2,7/7/2019,0,
911-2019-2,7/9/2019,0,
911-2019-2,7/12/2019,0,
911-2019-2,7/14/2019,0,
911-2019-2,7/15/2019,0,Estimated Hatch Date
911-2019-2,7/16/2019,1,"Hatched, based on egg shells estimated on 7/15. 10 eggs hatched. Hen Alive"
925-2019-1,5/23/2019,0,"within 10 clicks, in juniper patch"
925-2019-1,5/30/2019,0,
925-2019-1,6/5/2019,0,
925-2019-1,6/10/2019,0,
925-2019-1,6/12/2019,0,"Estimated Hatch Date, also hen on nest"
925-2019-1,6/14/2019,1,"Hatched egg shells in nest bowl, at least 7. Hen Found Dead 5 feet from nest bowl. "
Bradley1-2018,5/22/2018,0,"On nest, Flushed"
Bradley1-2018,5/25/2018,1,"Off nest, eggs collected"
Bradley2-2018,5/22/2018,0,"On Nest, flushed"
Bradley2-2018,5/25/2018,0,"On nest, flushed, attempted capture"
Bradley2-2018,6/1/2018,1,Off nest
GorhamIncidental01-2018,5/22/2018,0,On nest
GorhamIncidental01-2018,6/7/2018,1,Failed
1614-2020-1,6/24/2020,0,
1614-2020-1,6/25/2020,1,Hatched
1614-2020-1,5/29/2020,0,Counted Eggs